<?xml version="1.0" encoding="UTF-8"?>
<project-private xmlns="http://www.netbeans.org/ns/project-private/1">
    <editor-bookmarks xmlns="http://www.netbeans.org/ns/editor-bookmarks/2" lastBookmarkId="0"/>
    <open-files xmlns="http://www.netbeans.org/ns/projectui-open-files/2">
        <group>
            <file>file:/C:/Users/rajan/Desktop/Sem6/Algorithms/Assignment2/ElasticComputing/src/Business/ServiceQueue.java</file>
            <file>file:/C:/Users/rajan/Desktop/Sem6/Algorithms/Assignment2/ElasticComputing/src/Business/RequestGenerator.java</file>
            <file>file:/C:/Users/rajan/Desktop/Sem6/Algorithms/Assignment2/ElasticComputing/src/Interface/MainJFrame.java</file>
            <file>file:/C:/Users/rajan/Desktop/Sem6/Algorithms/Assignment2/ElasticComputing/src/Business/ReqServiceDispatcher.java</file>
            <file>file:/C:/Users/rajan/Desktop/Sem6/Algorithms/Assignment2/ElasticComputing/src/Interface/CreateJPanel.java</file>
        </group>
    </open-files>
</project-private>
